timestamp,latitude,longitude
2025-07-13T16:56:37+00:00,40.7574599,-74.0842203
2025-07-13T16:56:40+00:00,40.7574599,-74.0842203
2025-07-13T16:56:52+00:00,40.7587976,-74.0811809
2025-07-13T16:56:55+00:00,40.7587976,-74.0811809
2025-07-13T16:57:08+00:00,40.7601151,-74.0782793
2025-07-13T16:57:11+00:00,40.7601151,-74.0782793
2025-07-13T16:57:23+00:00,40.7609759,-74.0763989
2025-07-13T16:57:26+00:00,40.7609759,-74.0763989
2025-07-13T16:57:38+00:00,40.7615336,-74.0752099
2025-07-13T16:57:41+00:00,40.7615336,-74.0752099
2025-07-13T16:57:53+00:00,40.761579,-74.0751163
2025-07-13T16:57:53+00:00,40.761579,-74.0751163
2025-07-13T16:57:58+00:00,40.7615968,-74.0751364
2025-07-13T16:58:08+00:00,40.7615968,-74.0751364
2025-07-13T16:58:29+00:00,40.7616024,-74.0751298
2025-07-13T16:58:39+00:00,40.7616024,-74.0751298
2025-07-13T16:59:00+00:00,40.761703,-74.0749187
2025-07-13T16:59:10+00:00,40.761703,-74.0749187
2025-07-13T16:59:32+00:00,40.7626066,-74.0726616
2025-07-13T16:59:41+00:00,40.7629943,-74.0699451
2025-07-13T17:00:03+00:00,40.7652861,-74.0670385
2025-07-13T17:00:12+00:00,40.7657651,-74.065943
2025-07-13T17:00:34+00:00,40.7665017,-74.0642054
2025-07-13T17:00:43+00:00,40.7665017,-74.0642054
2025-07-13T17:01:05+00:00,40.768988,-74.0587114
2025-07-13T17:01:14+00:00,40.7689933,-74.0586997
2025-07-13T17:01:36+00:00,40.7723774,-74.0505225
2025-07-13T17:01:45+00:00,40.77296,-74.0478395
2025-07-13T17:02:07+00:00,40.7714847,-74.0419201
2025-07-13T17:02:17+00:00,40.7714847,-74.0419201
2025-07-13T17:02:38+00:00,40.7714847,-74.0419201
2025-07-13T17:02:48+00:00,40.7714847,-74.0419201
2025-07-13T17:03:09+00:00,40.7682922,-74.0467198
2025-07-13T17:03:19+00:00,40.7682922,-74.0467198
2025-07-13T17:03:40+00:00,40.7682922,-74.0467198
2025-07-13T17:03:50+00:00,40.7682922,-74.0467198
2025-07-13T17:04:11+00:00,40.7682922,-74.0467198
2025-07-13T17:04:21+00:00,40.7682922,-74.0467198
2025-07-13T17:04:42+00:00,40.7682922,-74.0467198
2025-07-13T17:04:52+00:00,40.7682922,-74.0467198
2025-07-13T17:05:14+00:00,40.7682922,-74.0467198
2025-07-13T17:05:23+00:00,40.7682922,-74.0467198
2025-07-13T17:05:45+00:00,40.7682922,-74.0467198
2025-07-13T17:05:54+00:00,40.7682922,-74.0467198
2025-07-13T17:06:16+00:00,40.7682922,-74.0467198
2025-07-13T17:06:25+00:00,40.7682922,-74.0467198
2025-07-13T17:06:47+00:00,40.7682922,-74.0467198
2025-07-13T17:06:56+00:00,40.7682922,-74.0467198
2025-07-13T17:07:18+00:00,40.7682922,-74.0467198
2025-07-13T17:07:28+00:00,40.7682922,-74.0467198
2025-07-13T17:07:50+00:00,40.7682922,-74.0467198
2025-07-13T17:07:59+00:00,40.7682922,-74.0467198
2025-07-13T17:08:21+00:00,40.7682922,-74.0467198
2025-07-13T17:08:30+00:00,40.7682922,-74.0467198
2025-07-13T17:08:52+00:00,40.7682922,-74.0467198
2025-07-13T17:09:01+00:00,40.7682922,-74.0467198
2025-07-13T17:09:23+00:00,40.7682922,-74.0467198
2025-07-13T17:09:32+00:00,40.7682922,-74.0467198
2025-07-13T17:09:54+00:00,40.7682922,-74.0467198
2025-07-13T17:10:03+00:00,40.7682922,-74.0467198
2025-07-13T17:10:25+00:00,40.7682922,-74.0467198
2025-07-13T17:10:34+00:00,40.7682922,-74.0467198
2025-07-13T17:10:56+00:00,40.7682922,-74.0467198
2025-07-13T17:11:05+00:00,40.7682922,-74.0467198
2025-07-13T17:11:27+00:00,40.7682922,-74.0467198
2025-07-13T17:11:36+00:00,40.7682922,-74.0467198
2025-07-13T17:11:58+00:00,40.7682922,-74.0467198
2025-07-13T17:12:07+00:00,40.7682922,-74.0467198
2025-07-13T17:12:29+00:00,40.7682922,-74.0467198
2025-07-13T17:12:38+00:00,40.7682922,-74.0467198
2025-07-13T17:13:00+00:00,40.7682922,-74.0467198
2025-07-13T17:13:09+00:00,40.7682922,-74.0467198
2025-07-13T17:13:32+00:00,40.7682922,-74.0467198
2025-07-13T17:13:40+00:00,40.7682922,-74.0467198
2025-07-13T17:14:03+00:00,40.7682922,-74.0467198
2025-07-13T17:14:12+00:00,40.7682922,-74.0467198
2025-07-13T17:14:34+00:00,40.7682922,-74.0467198
2025-07-13T17:14:43+00:00,40.7682922,-74.0467198
2025-07-13T17:15:05+00:00,40.7682922,-74.0467198
2025-07-13T17:15:14+00:00,40.7682922,-74.0467198
2025-07-13T17:15:36+00:00,40.7682922,-74.0467198
2025-07-13T17:15:45+00:00,40.7682922,-74.0467198
2025-07-13T17:16:07+00:00,40.7682922,-74.0467198
2025-07-13T17:16:16+00:00,40.7682922,-74.0467198
2025-07-13T17:16:38+00:00,40.7682922,-74.0467198
2025-07-13T17:16:47+00:00,40.7682922,-74.0467198
2025-07-13T17:17:09+00:00,40.7682922,-74.0467198
2025-07-13T17:17:18+00:00,40.7682922,-74.0467198
2025-07-13T17:17:40+00:00,40.7682922,-74.0467198
2025-07-13T17:17:49+00:00,40.7682922,-74.0467198
2025-07-13T17:18:12+00:00,40.7503126,-73.9938527
2025-07-13T17:18:20+00:00,40.7503514,-73.9938619
2025-07-13T17:18:43+00:00,40.7503232,-73.9937109
2025-07-13T17:18:52+00:00,40.750262,-73.9936189
2025-07-13T17:19:14+00:00,40.7502044,-73.9934726
2025-07-13T17:19:23+00:00,40.750201,-73.9932104
2025-07-13T17:19:45+00:00,40.7501825,-73.9929329
2025-07-13T17:19:54+00:00,40.750178,-73.9929172
2025-07-13T17:20:16+00:00,40.7500364,-73.9926788
2025-07-13T17:20:25+00:00,40.7499714,-73.9927474
2025-07-13T17:20:47+00:00,40.7499442,-73.992699
2025-07-13T17:20:56+00:00,40.7498936,-73.9925433
2025-07-13T17:21:18+00:00,40.7499044,-73.992686
2025-07-13T17:21:27+00:00,40.7499205,-73.992679
2025-07-13T17:21:50+00:00,40.7499461,-73.9927155
2025-07-13T17:21:58+00:00,40.7499741,-73.9926749
2025-07-13T17:22:21+00:00,40.7500515,-73.99257
2025-07-13T17:22:30+00:00,40.7500278,-73.9923157
2025-07-13T17:22:52+00:00,40.7501572,-73.9921941
2025-07-13T17:23:01+00:00,40.7501944,-73.9921477
2025-07-13T17:23:23+00:00,40.7504681,-73.9918074
2025-07-13T17:23:32+00:00,40.7505177,-73.991705
2025-07-13T17:23:54+00:00,40.7503427,-73.9915496
2025-07-13T17:24:03+00:00,40.7503427,-73.9915496
2025-07-13T17:24:25+00:00,40.7501946,-73.9918157
2025-07-13T17:24:34+00:00,40.7499057,-73.992158
2025-07-13T17:24:56+00:00,40.7506349,-73.9914532
2025-07-13T17:25:05+00:00,40.7506716,-73.9917764
2025-07-13T17:25:27+00:00,40.7507783,-73.9921304
2025-07-13T17:25:36+00:00,40.7508056,-73.9922482
2025-07-13T17:25:58+00:00,40.7508621,-73.9922276
2025-07-13T17:26:07+00:00,40.7510365,-73.9928938
2025-07-13T17:26:30+00:00,40.7511228,-73.9932238
2025-07-13T17:26:38+00:00,40.7512683,-73.9932859
2025-07-13T17:27:01+00:00,40.7514134,-73.9935281
2025-07-13T17:27:10+00:00,40.7514907,-73.9936544
2025-07-13T17:27:32+00:00,40.7516086,-73.9937814
2025-07-13T17:27:41+00:00,40.7517422,-73.9936529
2025-07-13T17:28:03+00:00,40.7519897,-73.993524
2025-07-13T17:28:12+00:00,40.7521273,-73.9934799
2025-07-13T17:28:34+00:00,40.7522568,-73.9934485
2025-07-13T17:28:43+00:00,40.7524345,-73.9933395
2025-07-13T17:29:05+00:00,40.752502,-73.9933282
2025-07-13T17:29:14+00:00,40.7525342,-73.9932922
2025-07-13T17:29:36+00:00,40.7525645,-73.9933223
2025-07-13T17:29:45+00:00,40.7525645,-73.9933223
2025-07-13T17:30:07+00:00,40.7524519,-73.9933407
2025-07-13T17:30:16+00:00,40.7524519,-73.9933407
2025-07-13T17:30:39+00:00,40.7524574,-73.9933341
2025-07-13T17:30:48+00:00,40.7524574,-73.9933341
2025-07-13T17:31:10+00:00,40.7525441,-73.9933132
2025-07-13T17:31:19+00:00,40.7525441,-73.9933132
2025-07-13T17:31:41+00:00,40.75251,-73.9933089
2025-07-13T17:31:50+00:00,40.7525086,-73.9933133
2025-07-13T17:32:12+00:00,40.7525597,-73.9932962
2025-07-13T17:32:21+00:00,40.7525597,-73.9932962
2025-07-13T17:32:43+00:00,40.7516583,-73.9940814
2025-07-13T17:32:52+00:00,40.7516583,-73.9940814
2025-07-13T17:33:14+00:00,40.7516583,-73.9940814
2025-07-13T17:33:23+00:00,40.7516583,-73.9940814
2025-07-13T17:33:45+00:00,40.7516583,-73.9940814
2025-07-13T17:33:54+00:00,40.7516583,-73.9940814
2025-07-13T17:34:17+00:00,40.7411895,-74.0015625
2025-07-13T17:34:25+00:00,40.7411219,-74.00156
2025-07-13T17:34:48+00:00,40.7410895,-74.0015089
2025-07-13T17:34:56+00:00,40.7410487,-74.001568
2025-07-13T17:35:19+00:00,40.7411248,-74.0015724
2025-07-13T17:35:28+00:00,40.741165,-74.0017905
2025-07-13T17:35:50+00:00,40.7412563,-74.0019851
2025-07-13T17:35:59+00:00,40.7412179,-74.001841
2025-07-13T17:36:21+00:00,40.741265,-74.0021399
2025-07-13T17:36:30+00:00,40.7413034,-74.0021513
2025-07-13T17:36:52+00:00,40.741421,-74.0023289
2025-07-13T17:37:01+00:00,40.7414615,-74.0024912
2025-07-13T17:37:23+00:00,40.7415686,-74.0027897
2025-07-13T17:37:32+00:00,40.7416063,-74.0029857
2025-07-13T17:37:54+00:00,40.741743,-74.0032581
2025-07-13T17:38:03+00:00,40.7418095,-74.0034101
2025-07-13T17:38:25+00:00,40.7420588,-74.0036909
2025-07-13T17:38:34+00:00,40.74207,-74.0038164
2025-07-13T17:38:56+00:00,40.7421357,-74.0040223
2025-07-13T17:39:05+00:00,40.7421945,-74.004206
2025-07-13T17:39:28+00:00,40.7421903,-74.0043388
2025-07-13T17:39:36+00:00,40.7422027,-74.0043821
2025-07-13T17:39:59+00:00,40.7422786,-74.0045825
2025-07-13T17:40:07+00:00,40.7423146,-74.0046082
2025-07-13T17:40:30+00:00,40.742304,-74.0046049
2025-07-13T17:40:39+00:00,40.742304,-74.004605
2025-07-13T17:41:01+00:00,40.7423044,-74.0046049
2025-07-13T17:41:10+00:00,40.7422377,-74.0045892
2025-07-13T17:41:32+00:00,40.7420728,-74.0047472
2025-07-13T17:41:41+00:00,40.7420617,-74.0048176
2025-07-13T17:42:03+00:00,40.742085,-74.0050015
2025-07-13T17:42:14+00:00,40.7420748,-74.0049861
2025-07-13T17:42:36+00:00,40.7421531,-74.0051836
2025-07-13T17:42:45+00:00,40.7421531,-74.0051836
2025-07-13T17:43:09+00:00,40.7421769,-74.0052257
2025-07-13T17:43:18+00:00,40.7421769,-74.0052257
2025-07-13T17:43:40+00:00,40.7421954,-74.0052896
2025-07-13T17:43:49+00:00,40.7422024,-74.0053127
2025-07-13T17:44:11+00:00,40.7421747,-74.0054112
2025-07-13T17:44:22+00:00,40.7421713,-74.0054463
2025-07-13T17:44:44+00:00,40.7420878,-74.0055935
2025-07-13T17:44:53+00:00,40.7420933,-74.0055986
2025-07-13T17:45:16+00:00,40.7422138,-74.0055075
2025-07-13T17:45:25+00:00,40.7422966,-74.0055403
2025-07-13T17:45:47+00:00,40.7423499,-74.0055709
2025-07-13T17:45:56+00:00,40.7423964,-74.0056839
2025-07-13T17:46:19+00:00,40.7423142,-74.0058797
2025-07-13T17:46:28+00:00,40.7423015,-74.0058799
2025-07-13T17:46:50+00:00,40.7422686,-74.0059287
2025-07-13T17:46:59+00:00,40.7422582,-74.0059551
2025-07-13T17:47:21+00:00,40.7422512,-74.0059159
2025-07-13T17:47:30+00:00,40.7422622,-74.005902
2025-07-13T17:47:53+00:00,40.7422553,-74.0059299
2025-07-13T17:48:01+00:00,40.7422579,-74.0059122
2025-07-13T17:48:24+00:00,40.7422873,-74.0058905
2025-07-13T17:48:32+00:00,40.7422871,-74.0058867
2025-07-13T17:48:55+00:00,40.7422967,-74.0058789
2025-07-13T17:49:03+00:00,40.74229,-74.0059017
2025-07-13T17:49:26+00:00,40.7422559,-74.0058953
2025-07-13T17:49:35+00:00,40.7422583,-74.0058883
2025-07-13T17:49:58+00:00,40.7421495,-74.0060735
2025-07-13T17:50:06+00:00,40.7421495,-74.0060735
2025-07-13T17:50:29+00:00,40.7421638,-74.0061616
2025-07-13T17:50:38+00:00,40.7421638,-74.0061616
2025-07-13T17:51:00+00:00,40.7422036,-74.0061525
2025-07-13T17:51:09+00:00,40.7422036,-74.0061525
2025-07-13T17:51:33+00:00,40.7421771,-74.0061232
2025-07-13T17:51:42+00:00,40.7421771,-74.0061232
2025-07-13T17:52:05+00:00,40.7421497,-74.0060676
2025-07-13T17:52:14+00:00,40.7421497,-74.0060676
2025-07-13T17:52:36+00:00,40.7421664,-74.0061042
2025-07-13T17:52:46+00:00,40.7421664,-74.0061042
2025-07-13T17:53:09+00:00,40.7421519,-74.0060715
2025-07-13T17:53:17+00:00,40.7421582,-74.0061007
2025-07-13T17:53:40+00:00,40.7421684,-74.0061047
2025-07-13T17:53:48+00:00,40.7421497,-74.0061003
2025-07-13T17:54:11+00:00,40.7421433,-74.0060739
2025-07-13T17:54:20+00:00,40.7421424,-74.006072
2025-07-13T17:54:44+00:00,40.7421313,-74.0061443
2025-07-13T17:54:53+00:00,40.7421324,-74.0061553
2025-07-13T17:55:15+00:00,40.7421146,-74.006172
2025-07-13T17:55:24+00:00,40.7421,-74.0061541
2025-07-13T17:55:46+00:00,40.7421074,-74.0061923
2025-07-13T17:55:55+00:00,40.7420431,-74.0062918
2025-07-13T17:56:17+00:00,40.7421116,-74.006177
2025-07-13T17:56:26+00:00,40.7420406,-74.0061511
2025-07-13T17:56:48+00:00,40.7421822,-74.0060995
2025-07-13T17:56:57+00:00,40.7421923,-74.0062059
2025-07-13T17:57:19+00:00,40.742145,-74.0061645
2025-07-13T17:57:28+00:00,40.7421458,-74.0060942
2025-07-13T17:57:51+00:00,40.742126,-74.0060729
2025-07-13T17:57:59+00:00,40.7420308,-74.0061009
2025-07-13T17:58:22+00:00,40.7421307,-74.0061095
2025-07-13T17:58:30+00:00,40.742054,-74.0061631
2025-07-13T17:58:53+00:00,40.7421018,-74.0061271
2025-07-13T17:59:02+00:00,40.7420271,-74.0061197
2025-07-13T17:59:24+00:00,40.7421313,-74.0060776
2025-07-13T17:59:33+00:00,40.7419933,-74.006075
2025-07-13T17:59:55+00:00,40.7420314,-74.0061231
2025-07-13T18:00:04+00:00,40.7420314,-74.0061231
2025-07-13T18:00:26+00:00,40.7419951,-74.0061633
2025-07-13T18:00:35+00:00,40.7419951,-74.0061633
2025-07-13T18:00:57+00:00,40.7419484,-74.0061413
2025-07-13T18:01:06+00:00,40.7419494,-74.0061418
2025-07-13T18:01:29+00:00,40.7419484,-74.0061413
2025-07-13T18:01:37+00:00,40.7419484,-74.0061413
2025-07-13T18:02:00+00:00,40.7419484,-74.0061413
2025-07-13T18:02:09+00:00,40.7419486,-74.0061414
2025-07-13T18:02:32+00:00,40.7419484,-74.0061413
2025-07-13T18:02:40+00:00,40.7419796,-74.0061846
2025-07-13T18:03:03+00:00,40.7419798,-74.0061848
2025-07-13T18:03:11+00:00,40.7419798,-74.0061848
2025-07-13T18:03:34+00:00,40.7419798,-74.0061848
2025-07-13T18:03:43+00:00,40.7419798,-74.0061848
2025-07-13T21:58:16+00:00,40.7501051,-73.9926401
2025-07-13T21:58:16+00:00,40.7501051,-73.9926401
2025-07-13T21:58:47+00:00,40.7501148,-73.992639
2025-07-13T21:58:47+00:00,40.7501148,-73.992639
2025-07-13T21:59:19+00:00,40.7501116,-73.992631
2025-07-13T21:59:19+00:00,40.7501116,-73.992631
2025-07-13T21:59:50+00:00,40.7501131,-73.9926398
2025-07-13T21:59:50+00:00,40.7501131,-73.9926398
2025-07-13T22:00:21+00:00,40.7501059,-73.9926241
2025-07-13T22:00:21+00:00,40.7501059,-73.9926241
2025-07-13T22:00:52+00:00,40.750116,-73.9926334
2025-07-13T22:00:52+00:00,40.750116,-73.9926334
2025-07-13T22:01:23+00:00,40.7501134,-73.9926377
2025-07-13T22:01:23+00:00,40.7501134,-73.9926377
2025-07-13T22:01:54+00:00,40.7500135,-73.992655
2025-07-13T22:01:54+00:00,40.7500135,-73.992655
2025-07-13T22:02:25+00:00,40.7500135,-73.992655
2025-07-13T22:02:25+00:00,40.7500135,-73.992655
2025-07-13T22:02:56+00:00,40.7499237,-73.9926493
2025-07-13T22:02:56+00:00,40.7499237,-73.9926493
2025-07-13T22:03:27+00:00,40.7500733,-73.9926032
2025-07-13T22:03:27+00:00,40.7500733,-73.9926032
2025-07-13T22:03:58+00:00,40.7500417,-73.992322
2025-07-13T22:03:58+00:00,40.7500417,-73.992322
2025-07-13T22:04:30+00:00,40.7498511,-73.9919968
2025-07-13T22:04:30+00:00,40.7498511,-73.9919968
2025-07-13T22:05:01+00:00,40.749741,-73.991791
2025-07-13T22:05:01+00:00,40.749741,-73.991791
2025-07-13T22:05:32+00:00,40.7495626,-73.9919038
2025-07-13T22:05:32+00:00,40.7495626,-73.9919038
2025-07-13T22:06:03+00:00,40.7496571,-73.9918375
2025-07-13T22:06:03+00:00,40.7496571,-73.9918375
2025-07-13T22:06:34+00:00,40.7496225,-73.9918923
2025-07-13T22:06:34+00:00,40.7496225,-73.9918923
2025-07-13T22:07:05+00:00,40.749639,-73.991791
2025-07-13T22:07:05+00:00,40.749639,-73.991791
2025-07-13T22:07:36+00:00,40.749839,-73.9919887
2025-07-13T22:07:36+00:00,40.749839,-73.9919887
2025-07-13T22:08:08+00:00,40.7498666,-73.9918507
2025-07-13T22:08:08+00:00,40.7498666,-73.9918507
2025-07-13T22:08:39+00:00,40.7502265,-73.9901254
2025-07-13T22:08:39+00:00,40.7502265,-73.9901254
2025-07-13T22:09:10+00:00,40.7502265,-73.9901254
2025-07-13T22:09:10+00:00,40.7502265,-73.9901254
2025-07-13T22:09:41+00:00,40.7502265,-73.9901254
2025-07-13T22:09:41+00:00,40.7502265,-73.9901254
2025-07-13T22:10:12+00:00,40.7498893,-73.992574
2025-07-13T22:10:12+00:00,40.7498893,-73.992574
2025-07-13T22:10:43+00:00,40.7498352,-73.9924069
2025-07-13T22:10:43+00:00,40.7498352,-73.9924069
2025-07-13T22:11:14+00:00,40.7499631,-73.9924322
2025-07-13T22:11:14+00:00,40.7499631,-73.9924322
2025-07-13T22:11:46+00:00,40.7499221,-73.9924023
2025-07-13T22:11:46+00:00,40.7499221,-73.9924023
2025-07-13T22:12:17+00:00,40.7499221,-73.9924023
2025-07-13T22:12:17+00:00,40.7499221,-73.9924023
2025-07-13T22:12:48+00:00,40.7500648,-73.9928118
2025-07-13T22:12:48+00:00,40.7500648,-73.9928118
2025-07-13T22:13:19+00:00,40.7501533,-73.9929529
2025-07-13T22:13:19+00:00,40.7501533,-73.9929529
2025-07-13T22:13:50+00:00,40.7501806,-73.9929489
2025-07-13T22:13:50+00:00,40.7501806,-73.9929489
2025-07-13T22:14:21+00:00,40.7501806,-73.9929489
2025-07-13T22:14:21+00:00,40.7501806,-73.9929489
2025-07-13T22:14:52+00:00,40.7501806,-73.9929489
2025-07-13T22:14:52+00:00,40.7501806,-73.9929489
2025-07-13T22:15:24+00:00,40.7501806,-73.9929489
2025-07-13T22:15:24+00:00,40.7501806,-73.9929489
2025-07-13T22:15:55+00:00,40.7503778,-73.9936648
2025-07-13T22:15:55+00:00,40.7503778,-73.9936648
2025-07-13T22:16:26+00:00,40.7501799,-73.9929568
2025-07-13T22:16:26+00:00,40.7501799,-73.9929568
2025-07-13T22:16:57+00:00,40.75018,-73.9929579
2025-07-13T22:16:57+00:00,40.75018,-73.9929579
2025-07-13T22:17:28+00:00,40.7504175,-73.9934137
2025-07-13T22:17:28+00:00,40.7504175,-73.9934137
2025-07-13T22:17:59+00:00,40.750954,-73.9954876
2025-07-13T22:17:59+00:00,40.750954,-73.9954876
2025-07-13T22:18:30+00:00,40.750954,-73.9954876
2025-07-13T22:18:30+00:00,40.750954,-73.9954876
2025-07-13T22:19:01+00:00,40.7509628,-73.9955022
2025-07-13T22:19:01+00:00,40.7509628,-73.9955022
2025-07-13T22:19:32+00:00,40.7509191,-73.9916344
2025-07-13T22:19:32+00:00,40.7509191,-73.9916344
2025-07-13T22:20:03+00:00,40.7509191,-73.9916344
2025-07-13T22:20:03+00:00,40.7509191,-73.9916344
2025-07-13T22:20:34+00:00,40.7509191,-73.9916344
2025-07-13T22:20:34+00:00,40.7509191,-73.9916344
2025-07-13T22:21:05+00:00,40.7509191,-73.9916344
2025-07-13T22:21:05+00:00,40.7509191,-73.9916344
2025-07-13T22:21:36+00:00,40.7509191,-73.9916344
2025-07-13T22:21:36+00:00,40.7509191,-73.9916344
2025-07-13T22:22:08+00:00,40.7509191,-73.9916344
2025-07-13T22:22:08+00:00,40.7509191,-73.9916344
2025-07-13T22:22:39+00:00,40.7726752,-74.0482047
2025-07-13T22:22:39+00:00,40.7726752,-74.0482047
2025-07-13T22:23:10+00:00,40.7709527,-74.0543599
2025-07-13T22:23:10+00:00,40.7709527,-74.0543599
2025-07-13T22:23:41+00:00,40.7687581,-74.059364
2025-07-13T22:23:41+00:00,40.7687581,-74.059364
2025-07-13T22:24:12+00:00,40.7677516,-74.0614034
2025-07-13T22:24:12+00:00,40.7677516,-74.0614034
2025-07-13T22:24:43+00:00,40.7664972,-74.0641296
2025-07-13T22:24:43+00:00,40.7664972,-74.0641296
2025-07-13T22:25:14+00:00,40.7652157,-74.0672365
2025-07-13T22:25:14+00:00,40.7652157,-74.0672365
2025-07-13T22:25:45+00:00,40.7637682,-74.0705128
2025-07-13T22:25:45+00:00,40.7637682,-74.0705128
2025-07-13T22:26:16+00:00,40.7620054,-74.0744604
2025-07-13T22:26:16+00:00,40.7620054,-74.0744604
2025-07-13T22:26:48+00:00,40.7620067,-74.0744613
2025-07-13T22:26:48+00:00,40.7620067,-74.0744613
2025-07-13T22:27:19+00:00,40.761483,-74.0753225
2025-07-13T22:27:19+00:00,40.761483,-74.0753225
2025-07-13T22:27:50+00:00,40.7614929,-74.0752791
2025-07-13T22:27:50+00:00,40.7614929,-74.0752791
2025-07-13T22:28:21+00:00,40.7614466,-74.0753697
2025-07-13T22:28:21+00:00,40.7614466,-74.0753697
2025-07-13T22:28:52+00:00,40.7611523,-74.0766786
2025-07-13T22:28:52+00:00,40.7611523,-74.0766786
2025-07-13T22:29:23+00:00,40.7589288,-74.0813651
2025-07-13T22:29:23+00:00,40.7589288,-74.0813651
2025-07-13T22:29:54+00:00,40.7554017,-74.0897242
2025-07-13T22:29:54+00:00,40.7554017,-74.0897242
2025-07-13T22:30:25+00:00,40.7522874,-74.0986611
2025-07-13T22:30:25+00:00,40.7522874,-74.0986611
2025-07-13T22:30:56+00:00,40.749253,-74.1075027
2025-07-13T22:30:56+00:00,40.749253,-74.1075027
2025-07-13T22:31:27+00:00,40.7468703,-74.1144819
2025-07-13T22:31:27+00:00,40.7468703,-74.1144819
2025-07-13T22:31:59+00:00,40.7453411,-74.11927
2025-07-13T22:31:59+00:00,40.7453411,-74.11927
2025-07-13T22:32:30+00:00,40.744195,-74.1238666
2025-07-13T22:32:30+00:00,40.744195,-74.1238666
2025-07-13T22:33:01+00:00,40.7437295,-74.1288722
2025-07-13T22:33:01+00:00,40.7437295,-74.1288722
2025-07-13T22:33:32+00:00,40.7431884,-74.1350774
2025-07-13T22:33:32+00:00,40.7431884,-74.1350774
2025-07-13T22:34:03+00:00,40.7425919,-74.1419403
2025-07-13T22:34:03+00:00,40.7425919,-74.1419403
2025-07-13T22:34:34+00:00,40.7422383,-74.1473964
2025-07-13T22:34:34+00:00,40.7422383,-74.1473964
2025-07-13T22:35:05+00:00,40.7420788,-74.1544186
2025-07-13T22:35:05+00:00,40.7420788,-74.1544186
2025-07-13T22:35:36+00:00,40.7441942,-74.1589492
2025-07-13T22:35:36+00:00,40.7441942,-74.1589492
2025-07-13T22:36:07+00:00,40.7467463,-74.1624807
2025-07-13T22:36:07+00:00,40.7467463,-74.1624807
2025-07-13T22:36:38+00:00,40.747438,-74.1669753
2025-07-13T22:36:38+00:00,40.747438,-74.1669753
2025-07-13T22:37:09+00:00,40.7474147,-74.1710039
2025-07-13T22:37:09+00:00,40.7474147,-74.1710039
2025-07-13T22:37:41+00:00,40.7475296,-74.1720209
2025-07-13T22:37:41+00:00,40.7475296,-74.1720209
2025-07-13T22:38:12+00:00,40.7475884,-74.17199
2025-07-13T22:38:12+00:00,40.7475884,-74.17199
2025-07-13T22:38:43+00:00,40.7475984,-74.1719651
2025-07-13T22:38:43+00:00,40.7475984,-74.1719651
2025-07-13T22:39:14+00:00,40.7475981,-74.1719648
2025-07-13T22:39:14+00:00,40.7475981,-74.1719648
2025-07-13T22:39:45+00:00,40.7475982,-74.1719649
2025-07-13T22:39:45+00:00,40.7475982,-74.1719649
2025-07-13T22:40:16+00:00,40.7476669,-74.1719398
2025-07-13T22:40:16+00:00,40.7476669,-74.1719398
2025-07-13T22:40:47+00:00,40.7476668,-74.1719397
2025-07-13T22:40:47+00:00,40.7476668,-74.1719397
2025-07-13T22:41:18+00:00,40.7476666,-74.1719394
2025-07-13T22:41:18+00:00,40.7476666,-74.1719394
2025-07-13T22:41:49+00:00,40.7476689,-74.1719424
2025-07-13T22:41:49+00:00,40.7476689,-74.1719424
2025-07-13T22:42:20+00:00,40.7476333,-74.1719722
2025-07-13T22:42:20+00:00,40.7476333,-74.1719722
2025-07-13T22:42:51+00:00,40.7476451,-74.1719689
2025-07-13T22:42:51+00:00,40.7476451,-74.1719689
2025-07-13T22:43:23+00:00,40.7476742,-74.1720399
2025-07-13T22:43:23+00:00,40.7476742,-74.1720399
2025-07-13T22:43:54+00:00,40.747632,-74.172008
2025-07-13T22:43:54+00:00,40.747632,-74.172008
2025-07-13T22:44:25+00:00,40.7475615,-74.1719806
2025-07-13T22:44:25+00:00,40.7475615,-74.1719806
2025-07-13T22:44:56+00:00,40.7475932,-74.1719569
2025-07-13T22:44:56+00:00,40.7475932,-74.1719569
2025-07-13T22:45:27+00:00,40.7475932,-74.1719569
2025-07-13T22:45:27+00:00,40.7475932,-74.1719569
2025-07-13T22:45:58+00:00,40.7476287,-74.171953
2025-07-13T22:45:58+00:00,40.7476287,-74.171953
2025-07-13T22:46:29+00:00,40.7476293,-74.1719524
2025-07-13T22:46:29+00:00,40.7476293,-74.1719524
2025-07-13T22:47:00+00:00,40.7475801,-74.1719625
2025-07-13T22:47:00+00:00,40.7475801,-74.1719625
2025-07-13T22:47:31+00:00,40.7475848,-74.1719809
2025-07-13T22:47:31+00:00,40.7475848,-74.1719809
2025-07-13T22:48:03+00:00,40.7480016,-74.1738606
2025-07-13T22:48:03+00:00,40.7480016,-74.1738606
2025-07-13T22:48:34+00:00,40.7491367,-74.1790171
2025-07-13T22:48:34+00:00,40.7491367,-74.1790171
2025-07-13T22:49:05+00:00,40.7514021,-74.1856297
2025-07-13T22:49:05+00:00,40.7514021,-74.1856297
2025-07-13T22:49:36+00:00,40.7543705,-74.190341
2025-07-13T22:49:36+00:00,40.7543705,-74.190341
2025-07-13T22:50:07+00:00,40.7563359,-74.1958565
2025-07-13T22:50:07+00:00,40.7563359,-74.1958565
2025-07-13T22:50:38+00:00,40.7582949,-74.2025654
2025-07-13T22:50:38+00:00,40.7582949,-74.2025654
2025-07-13T22:51:09+00:00,40.7601331,-74.2086945
2025-07-13T22:51:09+00:00,40.7601331,-74.2086945
2025-07-13T22:51:40+00:00,40.7609966,-74.2103996
2025-07-13T22:51:40+00:00,40.7609966,-74.2103996
2025-07-13T22:52:11+00:00,40.7608321,-74.210469
2025-07-13T22:52:11+00:00,40.7608321,-74.210469
2025-07-13T22:52:42+00:00,40.7608784,-74.2104256
2025-07-13T22:52:42+00:00,40.7608784,-74.2104256
2025-07-13T22:53:13+00:00,40.7611244,-74.2108541
2025-07-13T22:53:13+00:00,40.7611244,-74.2108541
2025-07-13T22:53:45+00:00,40.7639812,-74.2157644
2025-07-13T22:53:45+00:00,40.7639812,-74.2157644
2025-07-13T22:54:16+00:00,40.7650534,-74.2181556
2025-07-13T22:54:16+00:00,40.7650534,-74.2181556
2025-07-13T22:54:47+00:00,40.7657037,-74.219328
2025-07-13T22:54:47+00:00,40.7657037,-74.219328
2025-07-13T22:55:18+00:00,40.7657038,-74.2193282
2025-07-13T22:55:18+00:00,40.7657038,-74.2193282
2025-07-13T22:55:49+00:00,40.7657038,-74.2193282
2025-07-13T22:55:49+00:00,40.7657038,-74.2193282
2025-07-13T22:56:20+00:00,40.7658579,-74.2195963
2025-07-13T22:56:20+00:00,40.7658579,-74.2195963
2025-07-13T22:56:51+00:00,40.7675776,-74.2229989
2025-07-13T22:56:51+00:00,40.7675776,-74.2229989
2025-07-13T22:57:23+00:00,40.7708672,-74.2293823
2025-07-13T22:57:23+00:00,40.7708672,-74.2293823
2025-07-13T22:57:54+00:00,40.7718536,-74.2327765
2025-07-13T22:57:54+00:00,40.7718536,-74.2327765
2025-07-13T22:58:25+00:00,40.7718577,-74.2327781
2025-07-13T22:58:25+00:00,40.7718577,-74.2327781
2025-07-13T22:58:56+00:00,40.7718576,-74.232777
2025-07-13T22:58:56+00:00,40.7718576,-74.232777
2025-07-13T22:59:27+00:00,40.7719688,-74.2333161
2025-07-13T22:59:27+00:00,40.7719688,-74.2333161
2025-07-13T22:59:58+00:00,40.7716472,-74.2380292
2025-07-13T22:59:58+00:00,40.7716472,-74.2380292
2025-07-13T23:00:29+00:00,40.7667608,-74.2438923
2025-07-13T23:00:29+00:00,40.7667608,-74.2438923
2025-07-13T23:01:00+00:00,40.7588544,-74.2502074
2025-07-13T23:01:00+00:00,40.7588544,-74.2502074
2025-07-13T23:01:31+00:00,40.754926,-74.2534313
2025-07-13T23:01:31+00:00,40.754926,-74.2534313
2025-07-13T23:02:02+00:00,40.7552254,-74.2535492
2025-07-13T23:02:02+00:00,40.7552254,-74.2535492
2025-07-13T23:02:33+00:00,40.755239,-74.253766
2025-07-13T23:02:33+00:00,40.755239,-74.253766
2025-07-13T23:03:05+00:00,40.7533512,-74.2553247
2025-07-13T23:03:05+00:00,40.7533512,-74.2553247
2025-07-13T23:03:36+00:00,40.7507621,-74.2567626
2025-07-13T23:03:36+00:00,40.7507621,-74.2567626
2025-07-13T23:04:09+00:00,40.7463231,-74.2603229
2025-07-13T23:04:09+00:00,40.7463231,-74.2603229
2025-07-13T23:04:40+00:00,40.7460476,-74.2605138
2025-07-13T23:04:40+00:00,40.7460476,-74.2605138
2025-07-13T23:05:11+00:00,40.7459779,-74.2603753
2025-07-13T23:05:11+00:00,40.7459779,-74.2603753
2025-07-13T23:05:42+00:00,40.7459387,-74.2604654
2025-07-13T23:05:42+00:00,40.7459387,-74.2604654
2025-07-13T23:06:14+00:00,40.7456531,-74.259603
2025-07-13T23:06:14+00:00,40.7456531,-74.259603
2025-07-13T23:07:09+00:00,40.7457746,-74.2589802
2025-07-13T23:07:09+00:00,40.7457746,-74.2589802
2025-07-13T23:08:12+00:00,40.7458349,-74.2584755
2025-07-13T23:08:12+00:00,40.7458349,-74.2584755
2025-07-13T23:08:46+00:00,40.7457119,-74.2581566
2025-07-13T23:08:46+00:00,40.7457119,-74.2581566
2025-07-13T23:09:17+00:00,40.7455992,-74.2580822
2025-07-13T23:09:17+00:00,40.7455992,-74.2580822
2025-07-13T23:10:23+00:00,40.7455276,-74.2577893
2025-07-13T23:10:23+00:00,40.7455276,-74.2577893
2025-07-13T23:10:56+00:00,40.7454972,-74.2574976
2025-07-13T23:10:56+00:00,40.7454972,-74.2574976
2025-07-13T23:11:28+00:00,40.7455763,-74.2566601
2025-07-13T23:11:28+00:00,40.7455763,-74.2566601
2025-07-13T23:11:59+00:00,40.7456142,-74.2564111
2025-07-13T23:11:59+00:00,40.7456142,-74.2564111
2025-07-13T23:12:54+00:00,40.7452639,-74.2556913
2025-07-13T23:12:54+00:00,40.7452639,-74.2556913
2025-07-13T23:13:26+00:00,40.7451659,-74.2552469
2025-07-13T23:13:26+00:00,40.7451659,-74.2552469
2025-07-13T23:13:58+00:00,40.7453226,-74.2545201
2025-07-13T23:13:58+00:00,40.7453226,-74.2545201
2025-07-13T23:15:12+00:00,40.7450308,-74.2533207
2025-07-13T23:15:12+00:00,40.7450308,-74.2533207
2025-07-13T23:15:44+00:00,40.7449737,-74.2529256
2025-07-13T23:15:44+00:00,40.7449737,-74.2529256
2025-07-13T23:16:15+00:00,40.7449058,-74.252463
2025-07-13T23:16:15+00:00,40.7449058,-74.252463
2025-07-13T23:16:46+00:00,40.744852,-74.2520041
2025-07-13T23:16:46+00:00,40.744852,-74.2520041
2025-07-13T23:17:17+00:00,40.7447252,-74.2518908
2025-07-13T23:17:17+00:00,40.7447252,-74.2518908
2025-07-13T23:17:48+00:00,40.7445296,-74.2520704
2025-07-13T23:17:48+00:00,40.7445296,-74.2520704
2025-07-13T23:18:19+00:00,40.7444962,-74.2520851
2025-07-13T23:18:19+00:00,40.7444962,-74.2520851
2025-07-13T23:18:50+00:00,40.7445278,-74.2521298
2025-07-13T23:18:50+00:00,40.7445278,-74.2521298
2025-07-13T23:19:22+00:00,40.7444905,-74.25206
2025-07-13T23:19:22+00:00,40.7444905,-74.25206
2025-07-13T23:19:53+00:00,40.7445795,-74.2523295
2025-07-13T23:19:53+00:00,40.7445795,-74.2523295
2025-07-13T23:20:24+00:00,40.7445844,-74.2523301
2025-07-13T23:20:24+00:00,40.7445844,-74.2523301
2025-07-13T23:20:55+00:00,40.7445719,-74.252323
2025-07-13T23:20:55+00:00,40.7445719,-74.252323
2025-07-13T23:21:26+00:00,40.7445843,-74.2523303
2025-07-13T23:21:26+00:00,40.7445843,-74.2523303
2025-07-13T23:21:57+00:00,40.7445798,-74.2523255
2025-07-13T23:21:57+00:00,40.7445798,-74.2523255
2025-07-13T23:22:28+00:00,40.7445754,-74.252325
2025-07-13T23:22:28+00:00,40.7445754,-74.252325
2025-07-13T23:23:00+00:00,40.7446011,-74.2523305
2025-07-13T23:23:00+00:00,40.7446011,-74.2523305
2025-07-13T23:23:31+00:00,40.7445965,-74.2523422
2025-07-13T23:23:31+00:00,40.7445965,-74.2523422
2025-07-13T23:24:02+00:00,40.7445977,-74.2523632
2025-07-13T23:24:02+00:00,40.7445977,-74.2523632
2025-07-13T23:24:33+00:00,40.7445983,-74.2523431
2025-07-13T23:24:33+00:00,40.7445983,-74.2523431
2025-07-13T23:25:04+00:00,40.7446019,-74.2523659
2025-07-13T23:25:04+00:00,40.7446019,-74.2523659
2025-07-13T23:25:35+00:00,40.7445656,-74.2523823
2025-07-13T23:25:35+00:00,40.7445656,-74.2523823
2025-07-13T23:26:06+00:00,40.7445926,-74.2523549
2025-07-13T23:26:06+00:00,40.7445926,-74.2523549
2025-07-13T23:26:37+00:00,40.7445656,-74.2523823
2025-07-13T23:26:37+00:00,40.7445656,-74.2523823
2025-07-13T23:27:08+00:00,40.7445975,-74.2523453
2025-07-13T23:27:08+00:00,40.7445975,-74.2523453
2025-07-13T23:27:39+00:00,40.7445929,-74.2522803
2025-07-13T23:27:39+00:00,40.7445929,-74.2522803
2025-07-13T23:28:10+00:00,40.7446852,-74.2523893
2025-07-13T23:28:10+00:00,40.7446852,-74.2523893
2025-07-13T23:28:41+00:00,40.7445992,-74.2523398
2025-07-13T23:28:41+00:00,40.7445992,-74.2523398
2025-07-13T23:29:12+00:00,40.7446084,-74.2523456
2025-07-13T23:29:12+00:00,40.7446084,-74.2523456
2025-07-13T23:29:43+00:00,40.7446471,-74.2523523
2025-07-13T23:29:43+00:00,40.7446471,-74.2523523
2025-07-13T23:30:15+00:00,40.7445389,-74.2522112
2025-07-13T23:30:15+00:00,40.7445389,-74.2522112
2025-07-13T23:30:46+00:00,40.7445973,-74.2523409
2025-07-13T23:30:46+00:00,40.7445973,-74.2523409
2025-07-13T23:31:17+00:00,40.7446212,-74.2523577
2025-07-13T23:31:17+00:00,40.7446212,-74.2523577
2025-07-13T23:31:48+00:00,40.7446048,-74.2523855
2025-07-13T23:31:48+00:00,40.7446048,-74.2523855
2025-07-13T23:32:19+00:00,40.7446301,-74.2524535
2025-07-13T23:32:19+00:00,40.7446301,-74.2524535
2025-07-13T23:32:50+00:00,40.7445896,-74.2523328
2025-07-13T23:32:50+00:00,40.7445896,-74.2523328
2025-07-13T23:33:21+00:00,40.7446283,-74.252363
2025-07-13T23:33:21+00:00,40.7446283,-74.252363
2025-07-13T23:33:52+00:00,40.7445578,-74.2524012
2025-07-13T23:33:52+00:00,40.7445578,-74.2524012
2025-07-13T23:34:23+00:00,40.7445899,-74.2524018
2025-07-13T23:34:23+00:00,40.7445899,-74.2524018
2025-07-13T23:34:54+00:00,40.744588,-74.2523412
2025-07-13T23:34:54+00:00,40.744588,-74.2523412
2025-07-13T23:35:25+00:00,40.7446118,-74.2523509
2025-07-13T23:35:25+00:00,40.7446118,-74.2523509
2025-07-13T23:35:57+00:00,40.7446089,-74.2523562
2025-07-13T23:35:57+00:00,40.7446089,-74.2523562
2025-07-13T23:36:28+00:00,40.7445872,-74.2523655
2025-07-13T23:36:28+00:00,40.7445872,-74.2523655
2025-07-13T23:36:59+00:00,40.7446141,-74.2523437
2025-07-13T23:36:59+00:00,40.7446141,-74.2523437
2025-07-13T23:37:30+00:00,40.7445881,-74.2523228
2025-07-13T23:37:30+00:00,40.7445881,-74.2523228
2025-07-13T23:38:01+00:00,40.7446148,-74.2523589
2025-07-13T23:38:01+00:00,40.7446148,-74.2523589
2025-07-13T23:38:32+00:00,40.7446042,-74.2523439
2025-07-13T23:38:32+00:00,40.7446042,-74.2523439
2025-07-13T23:39:03+00:00,40.7445329,-74.2523206
2025-07-13T23:39:03+00:00,40.7445329,-74.2523206
2025-07-13T23:39:34+00:00,40.744595,-74.2523412
2025-07-13T23:39:34+00:00,40.744595,-74.2523412
2025-07-13T23:40:06+00:00,40.7445857,-74.2523394
2025-07-13T23:40:06+00:00,40.7445857,-74.2523394
2025-07-13T23:40:37+00:00,40.7446114,-74.2523521
2025-07-13T23:40:37+00:00,40.7446114,-74.2523521
2025-07-13T23:41:08+00:00,40.7445795,-74.2523377
2025-07-13T23:41:08+00:00,40.7445795,-74.2523377
2025-07-13T23:41:39+00:00,40.744599,-74.2523261
2025-07-13T23:41:39+00:00,40.744599,-74.2523261
2025-07-13T23:42:10+00:00,40.7445934,-74.2523298
2025-07-13T23:42:10+00:00,40.7445934,-74.2523298
2025-07-13T23:42:41+00:00,40.7446154,-74.2523446
2025-07-13T23:42:41+00:00,40.7446154,-74.2523446
2025-07-13T23:43:12+00:00,40.7445868,-74.2523454
2025-07-13T23:43:12+00:00,40.7445868,-74.2523454
2025-07-13T23:43:43+00:00,40.7446053,-74.2523639
2025-07-13T23:43:43+00:00,40.7446053,-74.2523639
2025-07-13T23:44:15+00:00,40.7446031,-74.2523433
2025-07-13T23:44:15+00:00,40.7446031,-74.2523433
2025-07-13T23:44:46+00:00,40.744591,-74.2523429
2025-07-13T23:44:46+00:00,40.744591,-74.2523429
2025-07-13T23:45:17+00:00,40.7445963,-74.2523473
2025-07-13T23:45:17+00:00,40.7445963,-74.2523473
2025-07-13T23:45:48+00:00,40.744576,-74.2523331
2025-07-13T23:45:48+00:00,40.744576,-74.2523331
2025-07-13T23:46:19+00:00,40.7445658,-74.2523289
2025-07-13T23:46:19+00:00,40.7445658,-74.2523289
2025-07-13T23:46:50+00:00,40.7445213,-74.2522679
2025-07-13T23:46:50+00:00,40.7445213,-74.2522679
2025-07-13T23:47:21+00:00,40.7445779,-74.2524155
2025-07-13T23:47:21+00:00,40.7445779,-74.2524155
2025-07-13T23:47:52+00:00,40.7445404,-74.252406
2025-07-13T23:47:52+00:00,40.7445404,-74.252406
2025-07-13T23:48:23+00:00,40.7445573,-74.2524077
2025-07-13T23:48:23+00:00,40.7445573,-74.2524077
2025-07-13T23:48:54+00:00,40.7445684,-74.2524221
2025-07-13T23:48:54+00:00,40.7445684,-74.2524221
2025-07-13T23:49:25+00:00,40.7445743,-74.2523889
2025-07-13T23:49:25+00:00,40.7445743,-74.2523889
2025-07-13T23:49:56+00:00,40.7445766,-74.2523893
2025-07-13T23:49:56+00:00,40.7445766,-74.2523893
2025-07-13T23:50:28+00:00,40.7446209,-74.2524322
2025-07-13T23:50:28+00:00,40.7446209,-74.2524322
2025-07-13T23:50:59+00:00,40.7445696,-74.2524041
2025-07-13T23:50:59+00:00,40.7445696,-74.2524041
2025-07-13T23:51:30+00:00,40.7445738,-74.2524247
2025-07-13T23:51:30+00:00,40.7445738,-74.2524247
2025-07-13T23:52:01+00:00,40.744584,-74.2523926
2025-07-13T23:52:01+00:00,40.744584,-74.2523926
2025-07-13T23:52:32+00:00,40.7445784,-74.2523973
2025-07-13T23:52:32+00:00,40.7445784,-74.2523973
2025-07-13T23:53:03+00:00,40.7445641,-74.2523873
2025-07-13T23:53:03+00:00,40.7445641,-74.2523873
2025-07-13T23:53:34+00:00,40.7445642,-74.2523874
2025-07-13T23:53:34+00:00,40.7445642,-74.2523874
2025-07-13T23:54:05+00:00,40.744564,-74.2523874
2025-07-13T23:54:05+00:00,40.744564,-74.2523874
2025-07-13T23:54:36+00:00,40.744564,-74.2523874
2025-07-13T23:54:36+00:00,40.744564,-74.2523874
2025-07-13T23:55:08+00:00,40.7445585,-74.2523577
2025-07-13T23:55:08+00:00,40.7445585,-74.2523577
2025-07-13T23:55:39+00:00,40.7445636,-74.2524791
2025-07-13T23:55:39+00:00,40.7445636,-74.2524791
2025-07-13T23:56:10+00:00,40.7445634,-74.2524792
2025-07-13T23:56:10+00:00,40.7445634,-74.2524792
2025-07-13T23:56:41+00:00,40.7446029,-74.2522763
2025-07-13T23:56:41+00:00,40.7446029,-74.2522763
2025-07-13T23:57:12+00:00,40.7444891,-74.2524096
2025-07-13T23:57:12+00:00,40.7444891,-74.2524096
2025-07-13T23:57:43+00:00,40.7445523,-74.2523594
2025-07-13T23:57:43+00:00,40.7445523,-74.2523594
2025-07-13T23:58:14+00:00,40.744615,-74.2523834
2025-07-13T23:58:14+00:00,40.744615,-74.2523834
2025-07-13T23:58:45+00:00,40.7445509,-74.2524109
2025-07-13T23:58:45+00:00,40.7445509,-74.2524109
2025-07-13T23:59:16+00:00,40.744561,-74.2522894
2025-07-13T23:59:16+00:00,40.744561,-74.2522894
2025-07-13T23:59:47+00:00,40.7446182,-74.252351
2025-07-13T23:59:47+00:00,40.7446182,-74.252351
2025-07-14T00:00:18+00:00,40.7446227,-74.2524145
2025-07-14T00:00:18+00:00,40.7446227,-74.2524145
2025-07-14T00:00:50+00:00,40.7446333,-74.2523989
2025-07-14T00:00:50+00:00,40.7446333,-74.2523989
2025-07-14T00:01:21+00:00,40.7444928,-74.2522478
2025-07-14T00:01:21+00:00,40.7444928,-74.2522478
2025-07-14T00:01:52+00:00,40.7446254,-74.2524467
2025-07-14T00:01:52+00:00,40.7446254,-74.2524467
2025-07-14T00:02:23+00:00,40.7445955,-74.2523426
2025-07-14T00:02:23+00:00,40.7445955,-74.2523426
2025-07-14T00:02:54+00:00,40.744625,-74.2524038
2025-07-14T00:02:54+00:00,40.744625,-74.2524038
2025-07-14T00:03:25+00:00,40.7446006,-74.2524154
2025-07-14T00:03:25+00:00,40.7446006,-74.2524154
2025-07-14T00:03:56+00:00,40.7446133,-74.2524005
2025-07-14T00:03:56+00:00,40.7446133,-74.2524005
2025-07-14T00:04:27+00:00,40.7445963,-74.2523383
2025-07-14T00:04:27+00:00,40.7445963,-74.2523383
2025-07-14T00:04:58+00:00,40.7446726,-74.2524972
2025-07-14T00:04:58+00:00,40.7446726,-74.2524972
2025-07-14T00:05:29+00:00,40.7446779,-74.2523526
2025-07-14T00:05:29+00:00,40.7446779,-74.2523526
2025-07-14T00:06:00+00:00,40.7445846,-74.2523819
2025-07-14T00:06:00+00:00,40.7445846,-74.2523819
2025-07-14T00:06:31+00:00,40.7445181,-74.2524249
2025-07-14T00:06:31+00:00,40.7445181,-74.2524249
2025-07-14T00:07:03+00:00,40.7446305,-74.2523367
2025-07-14T00:07:03+00:00,40.7446305,-74.2523367
2025-07-14T00:07:34+00:00,40.7445845,-74.2523389
2025-07-14T00:07:34+00:00,40.7445845,-74.2523389
2025-07-14T00:08:05+00:00,40.7446418,-74.2523637
2025-07-14T00:08:05+00:00,40.7446418,-74.2523637
2025-07-14T00:08:36+00:00,40.7446212,-74.2523579
2025-07-14T00:08:36+00:00,40.7446212,-74.2523579
2025-07-14T00:09:07+00:00,40.7446343,-74.2523544
2025-07-14T00:09:07+00:00,40.7446343,-74.2523544
2025-07-14T00:09:38+00:00,40.7446198,-74.2523472
2025-07-14T00:09:38+00:00,40.7446198,-74.2523472
2025-07-14T00:10:09+00:00,40.7446281,-74.2523657
2025-07-14T00:10:09+00:00,40.7446281,-74.2523657
2025-07-14T00:10:40+00:00,40.7446269,-74.2523709
2025-07-14T00:10:40+00:00,40.7446269,-74.2523709
2025-07-14T00:11:11+00:00,40.7446229,-74.2523542
2025-07-14T00:11:11+00:00,40.7446229,-74.2523542
2025-07-14T00:11:42+00:00,40.7446195,-74.2523553
2025-07-14T00:11:42+00:00,40.7446195,-74.2523553
2025-07-14T00:12:13+00:00,40.7446118,-74.2523328
2025-07-14T00:12:13+00:00,40.7446118,-74.2523328
2025-07-14T00:12:44+00:00,40.7446021,-74.2523385
2025-07-14T00:12:44+00:00,40.7446021,-74.2523385
2025-07-14T00:13:16+00:00,40.7445897,-74.2523553
2025-07-14T00:13:16+00:00,40.7445897,-74.2523553
2025-07-14T00:13:47+00:00,40.7446055,-74.2523705
2025-07-14T00:13:47+00:00,40.7446055,-74.2523705
2025-07-14T00:14:18+00:00,40.7446037,-74.2523546
2025-07-14T00:14:18+00:00,40.7446037,-74.2523546
2025-07-14T00:14:49+00:00,40.7445872,-74.2523642
2025-07-14T00:14:49+00:00,40.7445872,-74.2523642
2025-07-14T00:15:20+00:00,40.7444895,-74.2526741
2025-07-14T00:15:20+00:00,40.7444895,-74.2526741
2025-07-14T00:15:51+00:00,40.7445861,-74.252488
2025-07-14T00:15:51+00:00,40.7445861,-74.252488
2025-07-14T00:16:22+00:00,40.7446322,-74.2523419
2025-07-14T00:16:22+00:00,40.7446322,-74.2523419
2025-07-14T00:16:53+00:00,40.7445811,-74.2523334
2025-07-14T00:16:53+00:00,40.7445811,-74.2523334
2025-07-14T00:17:24+00:00,40.7445981,-74.2523558
2025-07-14T00:17:24+00:00,40.7445981,-74.2523558
2025-07-14T00:17:55+00:00,40.7445811,-74.2523715
2025-07-14T00:17:55+00:00,40.7445811,-74.2523715
2025-07-14T00:18:26+00:00,40.744565,-74.2523253
2025-07-14T00:18:26+00:00,40.744565,-74.2523253
2025-07-14T00:18:57+00:00,40.7446312,-74.2523539
2025-07-14T00:18:57+00:00,40.7446312,-74.2523539
2025-07-14T00:19:29+00:00,40.744585,-74.2523305
2025-07-14T00:19:29+00:00,40.744585,-74.2523305
2025-07-14T00:20:00+00:00,40.7445838,-74.2523357
2025-07-14T00:20:00+00:00,40.7445838,-74.2523357
2025-07-14T00:20:31+00:00,40.7446149,-74.2523744
2025-07-14T00:20:31+00:00,40.7446149,-74.2523744
2025-07-14T00:21:02+00:00,40.7445426,-74.2524761
2025-07-14T00:21:02+00:00,40.7445426,-74.2524761
2025-07-14T00:21:33+00:00,40.7445426,-74.2524761
2025-07-14T00:21:33+00:00,40.7445426,-74.2524761
2025-07-14T00:22:04+00:00,40.7445237,-74.2524496
2025-07-14T00:22:04+00:00,40.7445237,-74.2524496
2025-07-14T00:22:35+00:00,40.7445754,-74.2523744
2025-07-14T00:22:35+00:00,40.7445754,-74.2523744
2025-07-14T00:23:06+00:00,40.7445653,-74.2523889
2025-07-14T00:23:06+00:00,40.7445653,-74.2523889
2025-07-14T00:23:37+00:00,40.7446156,-74.2523644
2025-07-14T00:23:37+00:00,40.7446156,-74.2523644
2025-07-14T00:24:08+00:00,40.7447354,-74.2523986
2025-07-14T00:24:08+00:00,40.7447354,-74.2523986
2025-07-14T00:24:39+00:00,40.7445621,-74.252373
2025-07-14T00:24:39+00:00,40.7445621,-74.252373
2025-07-14T00:25:11+00:00,40.7445473,-74.2523628
2025-07-14T00:25:11+00:00,40.7445473,-74.2523628
2025-07-14T00:25:42+00:00,40.7445673,-74.2523786
2025-07-14T00:25:42+00:00,40.7445673,-74.2523786
2025-07-14T00:26:13+00:00,40.7445672,-74.2523786
2025-07-14T00:26:13+00:00,40.7445672,-74.2523786
2025-07-14T00:26:44+00:00,40.7445673,-74.2523786
2025-07-14T00:26:44+00:00,40.7445673,-74.2523786
2025-07-14T00:27:15+00:00,40.7446403,-74.2522063
2025-07-14T00:27:15+00:00,40.7446403,-74.2522063
2025-07-14T00:27:46+00:00,40.7445487,-74.2523185
2025-07-14T00:27:46+00:00,40.7445487,-74.2523185
2025-07-14T00:28:17+00:00,40.7445513,-74.2523258
2025-07-14T00:28:17+00:00,40.7445513,-74.2523258
2025-07-14T00:28:48+00:00,40.7445513,-74.2523258
2025-07-14T00:28:48+00:00,40.7445513,-74.2523258
2025-07-14T00:29:19+00:00,40.7445319,-74.2524088
2025-07-14T00:29:19+00:00,40.7445319,-74.2524088
2025-07-14T00:29:50+00:00,40.7445344,-74.2523236
2025-07-14T00:29:50+00:00,40.7445344,-74.2523236
2025-07-14T00:30:21+00:00,40.7445445,-74.2523458
2025-07-14T00:30:21+00:00,40.7445445,-74.2523458
2025-07-14T00:30:52+00:00,40.7445694,-74.2524017
2025-07-14T00:30:52+00:00,40.7445694,-74.2524017
2025-07-14T00:31:24+00:00,40.7445872,-74.2524191
2025-07-14T00:31:24+00:00,40.7445872,-74.2524191
2025-07-14T00:31:55+00:00,40.7445872,-74.2524191
2025-07-14T00:31:55+00:00,40.7445872,-74.2524191
2025-07-14T00:32:26+00:00,40.7445872,-74.2524191
2025-07-14T00:32:26+00:00,40.7445872,-74.2524191
2025-07-14T00:32:57+00:00,40.7445872,-74.2524191
2025-07-14T00:32:57+00:00,40.7445872,-74.2524191
2025-07-14T00:33:28+00:00,40.7445872,-74.2524191
2025-07-14T00:33:28+00:00,40.7445872,-74.2524191
2025-07-14T00:33:59+00:00,40.7445872,-74.2524191
2025-07-14T00:33:59+00:00,40.7445872,-74.2524191
2025-07-14T00:34:30+00:00,40.7445872,-74.2524191
2025-07-14T00:34:30+00:00,40.7445872,-74.2524191
2025-07-14T00:35:01+00:00,40.7446113,-74.2524337
2025-07-14T00:35:01+00:00,40.7446113,-74.2524337
2025-07-14T00:35:32+00:00,40.7446113,-74.2524337
2025-07-14T00:35:32+00:00,40.7446113,-74.2524337
2025-07-14T00:36:04+00:00,40.7446113,-74.2524337
2025-07-14T00:36:04+00:00,40.7446113,-74.2524337
2025-07-14T00:36:35+00:00,40.7446113,-74.2524337
2025-07-14T00:36:35+00:00,40.7446113,-74.2524337
2025-07-14T00:37:06+00:00,40.7446113,-74.2524337
2025-07-14T00:37:06+00:00,40.7446113,-74.2524337
2025-07-14T00:37:37+00:00,40.7446113,-74.2524337
2025-07-14T00:37:37+00:00,40.7446113,-74.2524337
2025-07-14T00:38:08+00:00,40.7446342,-74.2524765
2025-07-14T00:38:08+00:00,40.7446342,-74.2524765
2025-07-14T00:38:39+00:00,40.7446071,-74.2524595
2025-07-14T00:38:39+00:00,40.7446071,-74.2524595
2025-07-14T00:39:10+00:00,40.7446071,-74.2524595
2025-07-14T00:39:10+00:00,40.7446071,-74.2524595
2025-07-14T00:39:41+00:00,40.7446071,-74.2524595
2025-07-14T00:39:41+00:00,40.7446071,-74.2524595
2025-07-14T00:40:12+00:00,40.7446071,-74.2524595
2025-07-14T00:40:12+00:00,40.7446071,-74.2524595
2025-07-14T00:40:44+00:00,40.7446071,-74.2524595
2025-07-14T00:40:44+00:00,40.7446071,-74.2524595
2025-07-14T00:41:15+00:00,40.7446071,-74.2524595
2025-07-14T00:41:15+00:00,40.7446071,-74.2524595
2025-07-14T00:41:46+00:00,40.7446071,-74.2524595
2025-07-14T00:41:46+00:00,40.7446071,-74.2524595
2025-07-14T00:42:17+00:00,40.7446071,-74.2524595
2025-07-14T00:42:17+00:00,40.7446071,-74.2524595
2025-07-14T00:42:48+00:00,40.7445803,-74.2524511
2025-07-14T00:42:48+00:00,40.7445803,-74.2524511
2025-07-14T00:43:19+00:00,40.7445803,-74.2524511
2025-07-14T00:43:19+00:00,40.7445803,-74.2524511
2025-07-14T00:43:50+00:00,40.7445803,-74.2524511
2025-07-14T00:43:50+00:00,40.7445803,-74.2524511
2025-07-14T00:44:21+00:00,40.7445803,-74.2524511
2025-07-14T00:44:21+00:00,40.7445803,-74.2524511
2025-07-14T00:44:53+00:00,40.7445803,-74.2524511
2025-07-14T00:44:53+00:00,40.7445803,-74.2524511
2025-07-14T00:45:24+00:00,40.7445496,-74.2523543
2025-07-14T00:45:24+00:00,40.7445496,-74.2523543
2025-07-14T00:45:55+00:00,40.7445526,-74.2523801
2025-07-14T00:45:55+00:00,40.7445526,-74.2523801
2025-07-14T00:46:26+00:00,40.7445515,-74.2523773
2025-07-14T00:46:26+00:00,40.7445515,-74.2523773
2025-07-14T00:46:57+00:00,40.7445581,-74.2524441
2025-07-14T00:46:57+00:00,40.7445581,-74.2524441
2025-07-14T00:47:28+00:00,40.7445581,-74.2524441
2025-07-14T00:47:28+00:00,40.7445581,-74.2524441
2025-07-14T00:47:59+00:00,40.7445588,-74.2523885
2025-07-14T00:47:59+00:00,40.7445588,-74.2523885
2025-07-14T00:48:30+00:00,40.744554,-74.2524458
2025-07-14T00:48:30+00:00,40.744554,-74.2524458
2025-07-14T00:49:01+00:00,40.7445607,-74.2524594
2025-07-14T00:49:01+00:00,40.7445607,-74.2524594
2025-07-14T00:49:32+00:00,40.7445619,-74.2524619
2025-07-14T00:49:32+00:00,40.7445619,-74.2524619
2025-07-14T00:50:03+00:00,40.744556,-74.2524498
2025-07-14T00:50:03+00:00,40.744556,-74.2524498
2025-07-14T00:50:34+00:00,40.744554,-74.2524458
2025-07-14T00:50:34+00:00,40.744554,-74.2524458
2025-07-14T00:51:05+00:00,40.744554,-74.2524458
2025-07-14T00:51:05+00:00,40.744554,-74.2524458
2025-07-14T00:51:36+00:00,40.7445538,-74.2524464
2025-07-14T00:51:36+00:00,40.7445538,-74.2524464
2025-07-14T00:52:08+00:00,40.7445531,-74.2524485
2025-07-14T00:52:08+00:00,40.7445531,-74.2524485
2025-07-14T00:52:39+00:00,40.7445538,-74.2524465
2025-07-14T00:52:39+00:00,40.7445538,-74.2524465
2025-07-14T00:53:10+00:00,40.744554,-74.2524458
2025-07-14T00:53:10+00:00,40.744554,-74.2524458
2025-07-14T00:53:41+00:00,40.744553,-74.2524501
2025-07-14T00:53:41+00:00,40.744553,-74.2524501
2025-07-14T00:54:12+00:00,40.7445537,-74.2524469
2025-07-14T00:54:12+00:00,40.7445537,-74.2524469
2025-07-14T00:54:43+00:00,40.744554,-74.2524461
2025-07-14T00:54:43+00:00,40.744554,-74.2524461
2025-07-14T00:55:14+00:00,40.7445528,-74.2524538
2025-07-14T00:55:14+00:00,40.7445528,-74.2524538
2025-07-14T00:55:45+00:00,40.7445521,-74.2524465
2025-07-14T00:55:45+00:00,40.7445521,-74.2524465
2025-07-14T00:56:16+00:00,40.7445548,-74.2524451
2025-07-14T00:56:16+00:00,40.7445548,-74.2524451
2025-07-14T00:56:47+00:00,40.744554,-74.2524458
2025-07-14T00:56:47+00:00,40.744554,-74.2524458
2025-07-14T00:57:18+00:00,40.7445605,-74.2524522
2025-07-14T00:57:18+00:00,40.7445605,-74.2524522
2025-07-14T00:57:49+00:00,40.744565,-74.2524505
2025-07-14T00:57:49+00:00,40.744565,-74.2524505
2025-07-14T00:58:20+00:00,40.7445626,-74.2524391
2025-07-14T00:58:20+00:00,40.7445626,-74.2524391
2025-07-14T00:58:52+00:00,40.7445656,-74.2524284
2025-07-14T00:58:52+00:00,40.7445656,-74.2524284
2025-07-14T00:59:23+00:00,40.7445948,-74.252412
2025-07-14T00:59:23+00:00,40.7445948,-74.252412
2025-07-14T00:59:54+00:00,40.7445869,-74.2524144
2025-07-14T00:59:54+00:00,40.7445869,-74.2524144
2025-07-14T01:00:25+00:00,40.7446008,-74.2524072
2025-07-14T01:00:25+00:00,40.7446008,-74.2524072
2025-07-14T01:00:56+00:00,40.74459,-74.2524061
2025-07-14T01:00:56+00:00,40.74459,-74.2524061
2025-07-14T01:01:27+00:00,40.7445895,-74.2524084
2025-07-14T01:01:27+00:00,40.7445895,-74.2524084
2025-07-14T01:01:58+00:00,40.744592,-74.2523385
2025-07-14T01:01:58+00:00,40.744592,-74.2523385
2025-07-14T01:02:29+00:00,40.7446003,-74.2523429
2025-07-14T01:02:29+00:00,40.7446003,-74.2523429
2025-07-14T01:03:00+00:00,40.7445864,-74.2523447
2025-07-14T01:03:00+00:00,40.7445864,-74.2523447
2025-07-14T01:03:31+00:00,40.7445828,-74.2524139
2025-07-14T01:03:31+00:00,40.7445828,-74.2524139
2025-07-14T01:04:02+00:00,40.7445817,-74.2523435
2025-07-14T01:04:02+00:00,40.7445817,-74.2523435
2025-07-14T01:04:34+00:00,40.744626,-74.2523443
2025-07-14T01:04:34+00:00,40.744626,-74.2523443
2025-07-14T01:05:05+00:00,40.744573,-74.2523887
2025-07-14T01:05:05+00:00,40.744573,-74.2523887
2025-07-14T01:05:36+00:00,40.7445251,-74.2523999
2025-07-14T01:05:36+00:00,40.7445251,-74.2523999
2025-07-14T01:06:07+00:00,40.7445979,-74.2523391
2025-07-14T01:06:07+00:00,40.7445979,-74.2523391
2025-07-14T01:06:38+00:00,40.7445837,-74.2523847
2025-07-14T01:06:38+00:00,40.7445837,-74.2523847
2025-07-14T01:07:09+00:00,40.7446051,-74.2524257
2025-07-14T01:07:09+00:00,40.7446051,-74.2524257
2025-07-14T01:07:40+00:00,40.7445702,-74.2523738
2025-07-14T01:07:40+00:00,40.7445702,-74.2523738
2025-07-14T01:08:11+00:00,40.7445681,-74.2523471
2025-07-14T01:08:11+00:00,40.7445681,-74.2523471
2025-07-14T01:08:42+00:00,40.7445524,-74.2522263
2025-07-14T01:08:42+00:00,40.7445524,-74.2522263
2025-07-14T01:09:14+00:00,40.7445068,-74.2521698
2025-07-14T01:09:14+00:00,40.7445068,-74.2521698
2025-07-14T01:09:45+00:00,40.7444179,-74.2521127
2025-07-14T01:09:45+00:00,40.7444179,-74.2521127
2025-07-14T01:10:18+00:00,40.7444237,-74.2521957
